date,value,description,donor_id,judge_id
05/28/11,175.00,oakland a's ticket,1,1,https://shreddr.captricity.com/api/v1/instance/224161/aligned-image
10/14/11,100,dinner,2,21,https://shreddr.captricity.com/api/v1/instance/224160/aligned-image
10/14/11,50,paper weight,2,21,https://shreddr.captricity.com/api/v1/instance/224160/aligned-image
3/30/12,50.00,gift card to bristol farms,3,24,https://shreddr.captricity.com/api/v1/instance/224159/aligned-image
10/14/11,100.00,(2) dinner tickets,4,28,https://shreddr.captricity.com/api/v1/instance/224157/aligned-image
10/03/11,390,2 tickets judges dinner,5,32,https://shreddr.captricity.com/api/v1/instance/224158/aligned-image
07/27/11,90,annual judges dinner,6,32,https://shreddr.captricity.com/api/v1/instance/224158/aligned-image
01/27/11,120,members dinner,7,32,https://shreddr.captricity.com/api/v1/instance/224158/aligned-image
12/09/11,395,2 tix holiday gala &,7,32,https://shreddr.captricity.com/api/v1/instance/224158/aligned-image
,,swearing-in ceremony,7,32,https://shreddr.captricity.com/api/v1/instance/224158/aligned-image
12/13/11,120,con't education dinner,8,32,https://shreddr.captricity.com/api/v1/instance/224158/aligned-image
4/4/11,110.00,ocean day reception,9,33,https://shreddr.captricity.com/api/v1/instance/224156/aligned-image
02/01/11,40,dinner @ meeting,8,36,https://shreddr.captricity.com/api/v1/instance/224155/aligned-image
03 30 11,40,dinner @ meeting,8,36,https://shreddr.captricity.com/api/v1/instance/224155/aligned-image
04/09,150,meals @ bd. meet,8,36,https://shreddr.captricity.com/api/v1/instance/224155/aligned-image
01/28/11,125.00,annual judges' night,10,43,https://shreddr.captricity.com/api/v1/instance/224154/aligned-image
7/5/11,2500,guest of the mcnally's,11,55,https://shreddr.captricity.com/api/v1/instance/224153/aligned-image
7/19/11,,at their vacation,11,55,https://shreddr.captricity.com/api/v1/instance/224153/aligned-image
,,time share.,11,55,https://shreddr.captricity.com/api/v1/instance/224153/aligned-image
01/11,74,meals,12,71,https://shreddr.captricity.com/api/v1/instance/224152/aligned-image
03 11,20,meal,12,71,https://shreddr.captricity.com/api/v1/instance/224152/aligned-image
04/11,66,meal,12,71,https://shreddr.captricity.com/api/v1/instance/224152/aligned-image
01/12/11,45,meal,13,71,https://shreddr.captricity.com/api/v1/instance/224152/aligned-image
05/10/11,45,meal,13,71,https://shreddr.captricity.com/api/v1/instance/224152/aligned-image
06 09 11,45,meal,13,71,https://shreddr.captricity.com/api/v1/instance/224152/aligned-image
06/01/11,438,meals lodging travel,12,71,https://shreddr.captricity.com/api/v1/instance/224152/aligned-image
09/11,320,meals travel expenses,12,71,https://shreddr.captricity.com/api/v1/instance/224152/aligned-image
11/11,122,meal travel expenses,12,71,https://shreddr.captricity.com/api/v1/instance/224152/aligned-image
09/20/11,45,meal,13,71,https://shreddr.captricity.com/api/v1/instance/224152/aligned-image
09/27/11,45,meal,13,71,https://shreddr.captricity.com/api/v1/instance/224152/aligned-image
12/06/11,45,meal,13,71,https://shreddr.captricity.com/api/v1/instance/224152/aligned-image
1/15/11,500.00,award dinner/lodging,14,82,https://shreddr.captricity.com/api/v1/instance/224151/aligned-image
8/25/11,60.00,annual dinner,14,82,https://shreddr.captricity.com/api/v1/instance/224151/aligned-image
11/2/11,150.00,free dinner for 2,15,87,https://shreddr.captricity.com/api/v1/instance/224150/aligned-image
,,for 2 @ judges night,15,87,https://shreddr.captricity.com/api/v1/instance/224150/aligned-image
5/5/11,75,trial lawyer,16,87,https://shreddr.captricity.com/api/v1/instance/224150/aligned-image
,,dinner,16,87,https://shreddr.captricity.com/api/v1/instance/224150/aligned-image
4/17/11,150.00,grand prix tickets and,17,113,https://shreddr.captricity.com/api/v1/instance/224149/aligned-image
,,tickets and party,17,113,https://shreddr.captricity.com/api/v1/instance/224149/aligned-image
12/13/11,104.00,2 free admission ticket,18,126,https://shreddr.captricity.com/api/v1/instance/224148/aligned-image
2/1/11,100,dinner certificates,19,145,https://shreddr.captricity.com/api/v1/instance/224147/aligned-image
10/05/11,400.00,legal services,20,152,https://shreddr.captricity.com/api/v1/instance/224146/aligned-image
10/22/11,125.00,theater ticket,21,154,https://shreddr.captricity.com/api/v1/instance/224145/aligned-image
04/29/11,350.00,fundraiser ticket,22,154,https://shreddr.captricity.com/api/v1/instance/224145/aligned-image
,55.00,dinner,8,154,https://shreddr.captricity.com/api/v1/instance/224145/aligned-image
,55.00,dinner,8,154,https://shreddr.captricity.com/api/v1/instance/224145/aligned-image
09/10/11,130.00,hotel room/1 evening,23,157,https://shreddr.captricity.com/api/v1/instance/224144/aligned-image
10/31/11,,lunch $25.00,24,158,https://shreddr.captricity.com/api/v1/instance/224143/aligned-image
04/01/11,75.00,annual dinner,25,172,https://shreddr.captricity.com/api/v1/instance/224141/aligned-image
09/28/11,75.00,annual dinner,25,172,https://shreddr.captricity.com/api/v1/instance/224141/aligned-image
03/16/11,75.00,edu. program dinner,26,172,https://shreddr.captricity.com/api/v1/instance/224141/aligned-image
11/10/11,75.00,edu. program dinner,26,172,https://shreddr.captricity.com/api/v1/instance/224141/aligned-image
01/29/11,1000,vacation w/their family in hawaii,27,183,https://shreddr.captricity.com/api/v1/instance/224142/aligned-image
,,family in hawaii,27,183,https://shreddr.captricity.com/api/v1/instance/224142/aligned-image
04/08/11,3000,won a week's story for 4 in hawaii,28,183,https://shreddr.captricity.com/api/v1/instance/224142/aligned-image
,,for 4 in hawaii in rotary raffle.,28,183,https://shreddr.captricity.com/api/v1/instance/224142/aligned-image
donated,,casa,28,183,https://shreddr.captricity.com/api/v1/instance/224142/aligned-image
06/09/11,65.00,dinner,13,184,https://shreddr.captricity.com/api/v1/instance/224140/aligned-image
05/10/11,47.50,lunch,13,184,https://shreddr.captricity.com/api/v1/instance/224140/aligned-image
11/03/11,100.00,dinner,29,184,https://shreddr.captricity.com/api/v1/instance/224140/aligned-image
05/06/11,55.00,lunch,13,184,https://shreddr.captricity.com/api/v1/instance/224140/aligned-image
01/20/11,75,dinner,2,191,https://shreddr.captricity.com/api/v1/instance/224139/aligned-image
04/28/11,125,dinner,2,191,https://shreddr.captricity.com/api/v1/instance/224139/aligned-image
10/14/11,150,dinner,2,191,https://shreddr.captricity.com/api/v1/instance/224139/aligned-image
12/09/11,75,lunch,30,191,https://shreddr.captricity.com/api/v1/instance/224139/aligned-image
2/24/11,50,annual dinner,31,193,https://shreddr.captricity.com/api/v1/instance/224138/aligned-image
3/15/11,50,community dinner,32,193,https://shreddr.captricity.com/api/v1/instance/224138/aligned-image
12/1/11,120,restaurant gift card &,33,194,https://shreddr.captricity.com/api/v1/instance/224137/aligned-image
,,movie tickets,33,194,https://shreddr.captricity.com/api/v1/instance/224137/aligned-image
11,100.00,4 educational dinners,34,210,https://shreddr.captricity.com/api/v1/instance/224136/aligned-image
09/98/11,100.00,education,35,211,https://shreddr.captricity.com/api/v1/instance/224135/aligned-image
01/27/11,100.00,meal,36,211,https://shreddr.captricity.com/api/v1/instance/224135/aligned-image
1/28/11,125.00,dinner,37,239,https://shreddr.captricity.com/api/v1/instance/224132/aligned-image
1/20/11,50,dinner at annual mtg. monthly lunch,38,248,https://shreddr.captricity.com/api/v1/instance/224133/aligned-image
2/24/11,25,monthly lunch meeting,38,248,https://shreddr.captricity.com/api/v1/instance/224133/aligned-image
4/21/11,25,monthly lunch meeting,38,248,https://shreddr.captricity.com/api/v1/instance/224133/aligned-image
5/18/11,25,monthly lunch meeting,39,248,https://shreddr.captricity.com/api/v1/instance/224133/aligned-image
7/20/11,25,monthly lunch meeting,39,248,https://shreddr.captricity.com/api/v1/instance/224133/aligned-image
10/19/11,25,monthly lunch meeting,39,248,https://shreddr.captricity.com/api/v1/instance/224133/aligned-image
,,app. 8 lunch meetings at 20.00 per,40,269,https://shreddr.captricity.com/api/v1/instance/224130/aligned-image
,,at 20.00 per lunch - app,40,269,https://shreddr.captricity.com/api/v1/instance/224130/aligned-image
,,$160.00,40,269,https://shreddr.captricity.com/api/v1/instance/224130/aligned-image
20/11,75.00,dinner,41,269,https://shreddr.captricity.com/api/v1/instance/224130/aligned-image
12/25/11,300,i ticket,42,279,https://shreddr.captricity.com/api/v1/instance/224131/aligned-image
,0,no price specified for my son estimated approx value $300,42,279,https://shreddr.captricity.com/api/v1/instance/224131/aligned-image
8/6/11,250.00,lodging/food,43,284,https://shreddr.captricity.com/api/v1/instance/224128/aligned-image
11/03/11,75.00,judges night dinner,44,294,https://shreddr.captricity.com/api/v1/instance/224127/aligned-image
01/12/11,50.00,installation of officers,13,294,https://shreddr.captricity.com/api/v1/instance/224127/aligned-image
05/10/11,35.00,women lawyer lunch,13,294,https://shreddr.captricity.com/api/v1/instance/224127/aligned-image
06/09/11,50.00,judges night dinner,13,294,https://shreddr.captricity.com/api/v1/instance/224127/aligned-image
09/27/11,35.00,barristers lunch,13,294,https://shreddr.captricity.com/api/v1/instance/224127/aligned-image
12/06/11,35.00,women lawyer lunch,13,294,https://shreddr.captricity.com/api/v1/instance/224127/aligned-image
10/30/11,170.00,2 rounds of golf,45,294,https://shreddr.captricity.com/api/v1/instance/224127/aligned-image
11/17/11,250.00,ticket to justice rehnquist banquet,46,301,https://shreddr.captricity.com/api/v1/instance/224126/aligned-image
7/15/11,200.00,nordstrom gift card,47,302,https://shreddr.captricity.com/api/v1/instance/224125/aligned-image
,,card,47,302,https://shreddr.captricity.com/api/v1/instance/224125/aligned-image
04/29/11,150,dinner bakersfield cc,48,304,https://shreddr.captricity.com/api/v1/instance/224124/aligned-image
11/-/11,35.00,dinner/swearing in,49,316,https://shreddr.captricity.com/api/v1/instance/224122/aligned-image
02/01/11,30,dinner @ meeting,8,328,https://shreddr.captricity.com/api/v1/instance/224121/aligned-image
03/30/11,30,dinner @ meeting,8,328,https://shreddr.captricity.com/api/v1/instance/224121/aligned-image
04/09/11,150,meals @ bd. meet,8,328,https://shreddr.captricity.com/api/v1/instance/224121/aligned-image
3/15/11,150,(coach) gift card,50,337,https://shreddr.captricity.com/api/v1/instance/224120/aligned-image
05/05/11,75.00,attend spring cocktail party,51,346,https://shreddr.captricity.com/api/v1/instance/224119/aligned-image
11/11/11,50.00,lunch while judging mock court competition,52,346,https://shreddr.captricity.com/api/v1/instance/224119/aligned-image
,,court competition,52,346,https://shreddr.captricity.com/api/v1/instance/224119/aligned-image
07/13/11,100,attend annual judges reception,53,346,https://shreddr.captricity.com/api/v1/instance/224119/aligned-image
01/29/11,54,meals while attending ethics comm.,54,346,https://shreddr.captricity.com/api/v1/instance/224119/aligned-image
,,ethics comm. meeting,54,346,https://shreddr.captricity.com/api/v1/instance/224119/aligned-image
12/09/11,100,atkno holiday party,55,346,https://shreddr.captricity.com/api/v1/instance/224119/aligned-image
8/06/11,1400,discount on lodging,56,347,https://shreddr.captricity.com/api/v1/instance/224118/aligned-image
,,at beach house,56,347,https://shreddr.captricity.com/api/v1/instance/224118/aligned-image
7/18/11,1000,same as above,56,347,https://shreddr.captricity.com/api/v1/instance/224118/aligned-image
9/07/11,150,discount on hotel,57,347,https://shreddr.captricity.com/api/v1/instance/224118/aligned-image
,,lodging,57,347,https://shreddr.captricity.com/api/v1/instance/224118/aligned-image
9/07/11,150,discount on hotel,56,347,https://shreddr.captricity.com/api/v1/instance/224118/aligned-image
,,lodging,56,347,https://shreddr.captricity.com/api/v1/instance/224118/aligned-image
1/07/11,140,lift tickets,58,347,https://shreddr.captricity.com/api/v1/instance/224118/aligned-image
10/14/11,195,dinner ticket for spouse,5,357,https://shreddr.captricity.com/api/v1/instance/224117/aligned-image
1/29/11,150,dinner including wife,59,378,https://shreddr.captricity.com/api/v1/instance/224116/aligned-image
01/01/11,140.00,dinner with wine for my wife and myself,60,379,https://shreddr.captricity.com/api/v1/instance/224114/aligned-image
11/11/11,75.00,lunch,60,379,https://shreddr.captricity.com/api/v1/instance/224114/aligned-image
07/03/11,150.00,dinner with wine for my wife and myself,61,379,https://shreddr.captricity.com/api/v1/instance/224114/aligned-image
05/13/11-05/14/11,1600.00,meals and lodging at firm retreat (2 nights),62,379,https://shreddr.captricity.com/api/v1/instance/224114/aligned-image
11/18/11,250,north county print,63,381,https://shreddr.captricity.com/api/v1/instance/224115/aligned-image
,,by jake early,63,381,https://shreddr.captricity.com/api/v1/instance/224115/aligned-image
11/18/11,250.00,north butte county,63,406,https://shreddr.captricity.com/api/v1/instance/224113/aligned-image
,,courthouse print,63,406,https://shreddr.captricity.com/api/v1/instance/224113/aligned-image
,,by jake early,63,406,https://shreddr.captricity.com/api/v1/instance/224113/aligned-image
11/30/11,197.00,champagne,64,436,https://shreddr.captricity.com/api/v1/instance/224111/aligned-image
,,card,65,436,https://shreddr.captricity.com/api/v1/instance/224111/aligned-image
03/19/11,75.00,dinner,66,437,https://shreddr.captricity.com/api/v1/instance/224110/aligned-image
8/2/11,110.00,pearl earnings4 necklace,67,441,https://shreddr.captricity.com/api/v1/instance/224109/aligned-image
2/28/11,75.00,silver ring,67,441,https://shreddr.captricity.com/api/v1/instance/224109/aligned-image
3/17/11,50.00,dinner at st. patricks day event,68,441,https://shreddr.captricity.com/api/v1/instance/224109/aligned-image
1/1/11,240.00,monthly ed luncheon,69,442,https://shreddr.captricity.com/api/v1/instance/224108/aligned-image
1/20/11,100.00,dinner,69,456,https://shreddr.captricity.com/api/v1/instance/224107/aligned-image
7/20/11,25.00,lunch,70,456,https://shreddr.captricity.com/api/v1/instance/224107/aligned-image
8/17/11,25.00,lunch,70,456,https://shreddr.captricity.com/api/v1/instance/224107/aligned-image
9/21/11,25.00,lunch,70,456,https://shreddr.captricity.com/api/v1/instance/224107/aligned-image
1/19/11,25.00,lunch,71,456,https://shreddr.captricity.com/api/v1/instance/224107/aligned-image
2/16/11,25.00,lunch,71,456,https://shreddr.captricity.com/api/v1/instance/224107/aligned-image
3/16/11,25.00,lunch,71,456,https://shreddr.captricity.com/api/v1/instance/224107/aligned-image
10/19/11,25.00,lunch,70,456,https://shreddr.captricity.com/api/v1/instance/224107/aligned-image
11/16/11,25.00,lunch,70,456,https://shreddr.captricity.com/api/v1/instance/224107/aligned-image
4/20/11,25.00,lunch,72,456,https://shreddr.captricity.com/api/v1/instance/224107/aligned-image
5/18/11,2500,lunch,72,456,https://shreddr.captricity.com/api/v1/instance/224107/aligned-image
6/15/11,25.00,lunch,72,456,https://shreddr.captricity.com/api/v1/instance/224107/aligned-image
9/16/11,250.00,event tickets,73,458,https://shreddr.captricity.com/api/v1/instance/224106/aligned-image
12/22/11,100.00,meat & nuts,73,458,https://shreddr.captricity.com/api/v1/instance/224106/aligned-image
01/18/11,70,awards dinner,74,459,https://shreddr.captricity.com/api/v1/instance/224105/aligned-image
08/12/11,216,concert tix,75,464,https://shreddr.captricity.com/api/v1/instance/224104/aligned-image
11/30/2011,27.00,snackbeverage & parki,76,466,https://shreddr.captricity.com/api/v1/instance/224103/aligned-image
5/9/2011,20.00,food & bev at,77,466,https://shreddr.captricity.com/api/v1/instance/224103/aligned-image
,,abjict judicial,77,466,https://shreddr.captricity.com/api/v1/instance/224103/aligned-image
,,reception,77,466,https://shreddr.captricity.com/api/v1/instance/224103/aligned-image
1/13/2011,20.00,food + bev. at,78,466,https://shreddr.captricity.com/api/v1/instance/224103/aligned-image
,,jorge arguulles,78,466,https://shreddr.captricity.com/api/v1/instance/224103/aligned-image
,,investiture,78,466,https://shreddr.captricity.com/api/v1/instance/224103/aligned-image
12/8/11,20.00,food and bev,79,466,https://shreddr.captricity.com/api/v1/instance/224103/aligned-image
,,holiday reception,79,466,https://shreddr.captricity.com/api/v1/instance/224103/aligned-image
10/15/11,240,2 college football game,80,472,https://shreddr.captricity.com/api/v1/instance/224102/aligned-image
,,tickets with food/drink,80,472,https://shreddr.captricity.com/api/v1/instance/224102/aligned-image
,,in stadium suite,80,472,https://shreddr.captricity.com/api/v1/instance/224102/aligned-image
01/15/11,250,j lakers tickets,81,484,https://shreddr.captricity.com/api/v1/instance/224101/aligned-image
06/-/11,100,gift certificate,82,489,https://shreddr.captricity.com/api/v1/instance/224099/aligned-image
12/ /11,100,blanket,82,489,https://shreddr.captricity.com/api/v1/instance/224099/aligned-image
06/01/11,50,picture frame napkinds,83,489,https://shreddr.captricity.com/api/v1/instance/224099/aligned-image
12/01/11,50,shirt,83,489,https://shreddr.captricity.com/api/v1/instance/224099/aligned-image
4/1/11,75.00,1 ticket to bar event,84,495,https://shreddr.captricity.com/api/v1/instance/224097/aligned-image
,,event,84,495,https://shreddr.captricity.com/api/v1/instance/224097/aligned-image
06/18/11,250.00,ticket to bar event,84,495,https://shreddr.captricity.com/api/v1/instance/224097/aligned-image
,,event,84,495,https://shreddr.captricity.com/api/v1/instance/224097/aligned-image
11/30/11,125,ticket to bar event,8,495,https://shreddr.captricity.com/api/v1/instance/224097/aligned-image
,,event,8,495,https://shreddr.captricity.com/api/v1/instance/224097/aligned-image
5/19/11,50.00,gift certificate,85,498,https://shreddr.captricity.com/api/v1/instance/224096/aligned-image
04/01/11,75.00,annual dinner,25,499,https://shreddr.captricity.com/api/v1/instance/224094/aligned-image
09/28/11,20.00,appreciation event,25,499,https://shreddr.captricity.com/api/v1/instance/224094/aligned-image
,,$40.00,86,510,https://shreddr.captricity.com/api/v1/instance/224095/aligned-image
1/7/11,74.00,meals,87,520,https://shreddr.captricity.com/api/v1/instance/224093/aligned-image
3/4/11,20.00,meals,87,520,https://shreddr.captricity.com/api/v1/instance/224093/aligned-image
4/8/11,66.00,meals,87,520,https://shreddr.captricity.com/api/v1/instance/224093/aligned-image
6/7/11,323.00,meals + reception,54,520,https://shreddr.captricity.com/api/v1/instance/224093/aligned-image
6/6/11,202.00,hotel - 1 night,54,520,https://shreddr.captricity.com/api/v1/instance/224093/aligned-image
9/15/11,5.00,refreshments,54,520,https://shreddr.captricity.com/api/v1/instance/224093/aligned-image
9/18/11,40.00,meals,87,520,https://shreddr.captricity.com/api/v1/instance/224093/aligned-image
11/4/11,32.00,meals,87,520,https://shreddr.captricity.com/api/v1/instance/224093/aligned-image
6/9/11,65.00,cocktail reception,88,532,https://shreddr.captricity.com/api/v1/instance/224092/aligned-image
9/27/11,50,lunch,88,532,https://shreddr.captricity.com/api/v1/instance/224092/aligned-image
12/6/11,50,lunch,88,532,https://shreddr.captricity.com/api/v1/instance/224092/aligned-image
12/16/11,50.00,xmas party,89,532,https://shreddr.captricity.com/api/v1/instance/224092/aligned-image
12/09/11,150,meal at christmas,90,541,https://shreddr.captricity.com/api/v1/instance/224091/aligned-image
,,party,90,541,https://shreddr.captricity.com/api/v1/instance/224091/aligned-image
12/04/11,100,food at christmas,91,541,https://shreddr.captricity.com/api/v1/instance/224091/aligned-image
,,party reception,91,541,https://shreddr.captricity.com/api/v1/instance/224091/aligned-image
1/22/11,70,2 tickets to a music concert,92,543,https://shreddr.captricity.com/api/v1/instance/224090/aligned-image
8/7/11,70,2 tickets to a music concert,92,543,https://shreddr.captricity.com/api/v1/instance/224090/aligned-image
10/22/11,300.00,tickets (spouse & self),93,545,https://shreddr.captricity.com/api/v1/instance/224089/aligned-image
,,installation of officers*,93,545,https://shreddr.captricity.com/api/v1/instance/224089/aligned-image
1/26/11,150.00,meet the judges night*,94,545,https://shreddr.captricity.com/api/v1/instance/224089/aligned-image
,,(dinner ticket provided),94,545,https://shreddr.captricity.com/api/v1/instance/224089/aligned-image
1/20/11,100,dinner,95,555,https://shreddr.captricity.com/api/v1/instance/224088/aligned-image
8/25/11,800,fishing trip,96,555,https://shreddr.captricity.com/api/v1/instance/224088/aligned-image
01/01/2011,100,food/,97,556,https://shreddr.captricity.com/api/v1/instance/224087/aligned-image
4/27/11,150,dinner and enter-,98,561,https://shreddr.captricity.com/api/v1/instance/224086/aligned-image
,,tainment,98,561,https://shreddr.captricity.com/api/v1/instance/224086/aligned-image
6/9/11,75,hall of fame dinner,99,561,https://shreddr.captricity.com/api/v1/instance/224086/aligned-image
,,program,99,561,https://shreddr.captricity.com/api/v1/instance/224086/aligned-image
9/7/11,55,dinner and enter-,100,561,https://shreddr.captricity.com/api/v1/instance/224086/aligned-image
,,tainment,100,561,https://shreddr.captricity.com/api/v1/instance/224086/aligned-image
9/30/12,75,champions of justice,101,561,https://shreddr.captricity.com/api/v1/instance/224086/aligned-image
,,dinner,101,561,https://shreddr.captricity.com/api/v1/instance/224086/aligned-image
12/14/11,60,bench bar reception,102,561,https://shreddr.captricity.com/api/v1/instance/224086/aligned-image
1/10/11,65,bench bar luncheon,103,561,https://shreddr.captricity.com/api/v1/instance/224085/aligned-image
1/22/11,150,annual dinner program,104,561,https://shreddr.captricity.com/api/v1/instance/224085/aligned-image
,,and entertainment,104,561,https://shreddr.captricity.com/api/v1/instance/224085/aligned-image
1/26/11,110,bench bar luncheon,105,561,https://shreddr.captricity.com/api/v1/instance/224085/aligned-image
1/27/11,150,annual installation,106,561,https://shreddr.captricity.com/api/v1/instance/224085/aligned-image
,,dinner and,106,561,https://shreddr.captricity.com/api/v1/instance/224085/aligned-image
,,entertainment,106,561,https://shreddr.captricity.com/api/v1/instance/224085/aligned-image
3/25/11,300,dinner program and,107,561,https://shreddr.captricity.com/api/v1/instance/224085/aligned-image
,,speaker,107,561,https://shreddr.captricity.com/api/v1/instance/224085/aligned-image
4/5/11,95,dinner program,8,561,https://shreddr.captricity.com/api/v1/instance/224085/aligned-image
2/15/11,150,dinner for my wife and me,108,564,https://shreddr.captricity.com/api/v1/instance/224083/aligned-image
01/01/11,120,parking sass for cal bears men's basketball games,109,564,https://shreddr.captricity.com/api/v1/instance/224083/aligned-image
11/01/11,,basketball games(total - 8 games),109,564,https://shreddr.captricity.com/api/v1/instance/224083/aligned-image
7/18/11,94,a pair of gants tickets for one game,110,564,https://shreddr.captricity.com/api/v1/instance/224083/aligned-image
,,game,110,564,https://shreddr.captricity.com/api/v1/instance/224083/aligned-image
,75,dinner for my wife and me,111,564,https://shreddr.captricity.com/api/v1/instance/224083/aligned-image
2/3/11,90,dinner for my wife & me,112,564,https://shreddr.captricity.com/api/v1/instance/224083/aligned-image
8/27/11,150,a pair of giants tickets for one game,113,564,https://shreddr.captricity.com/api/v1/instance/224083/aligned-image
,,game,113,564,https://shreddr.captricity.com/api/v1/instance/224083/aligned-image
12/8/11,140,xmas dinner,114,565,https://shreddr.captricity.com/api/v1/instance/224082/aligned-image
8/10/11,130,baseball tx,91,565,https://shreddr.captricity.com/api/v1/instance/224082/aligned-image
4/15/11,50.00,dinner,115,568,https://shreddr.captricity.com/api/v1/instance/224081/aligned-image
1/7/11,50.00,dinner,116,568,https://shreddr.captricity.com/api/v1/instance/224080/aligned-image
1/2/11,70.00,basketball tickets,117,568,https://shreddr.captricity.com/api/v1/instance/224080/aligned-image
1/16/11,50.00,lunch,118,568,https://shreddr.captricity.com/api/v1/instance/224080/aligned-image
2/13/11,157.00,dinner & concert,119,568,https://shreddr.captricity.com/api/v1/instance/224080/aligned-image
12/23/11,75.00,services,120,568,https://shreddr.captricity.com/api/v1/instance/224080/aligned-image
6/17/11,255.00,baseball tickets,121,568,https://shreddr.captricity.com/api/v1/instance/224080/aligned-image
11/18/11,250.00,print-new courthouse,63,570,https://shreddr.captricity.com/api/v1/instance/224079/aligned-image
02/11/11,162.48,wine,122,579,https://shreddr.captricity.com/api/v1/instance/224078/aligned-image
11,150,autographed cap,123,583,https://shreddr.captricity.com/api/v1/instance/224076/aligned-image
12/15/11,50,desk crystal ball,124,583,https://shreddr.captricity.com/api/v1/instance/224076/aligned-image
,,wall art,125,588,https://shreddr.captricity.com/api/v1/instance/224077/aligned-image
,,annual dinner for past presidents,126,588,https://shreddr.captricity.com/api/v1/instance/224077/aligned-image
9/14/11,360,dodger tickets,127,590,https://shreddr.captricity.com/api/v1/instance/224075/aligned-image
4 8 10 11,639.35,teaching/hotel rents,128,593,https://shreddr.captricity.com/api/v1/instance/224074/aligned-image
4/8-10/11,639.35,meeting / airplane,128,593,https://shreddr.captricity.com/api/v1/instance/224074/aligned-image
,,meals rehistration,128,593,https://shreddr.captricity.com/api/v1/instance/224074/aligned-image
10/3/10,1072.08,airplanes taxi's & hotels,129,593,https://shreddr.captricity.com/api/v1/instance/224074/aligned-image
,,& registration,129,593,https://shreddr.captricity.com/api/v1/instance/224074/aligned-image
9/16-18/11,325.60,art airplane taxi,130,593,https://shreddr.captricity.com/api/v1/instance/224074/aligned-image
08/27/11,150,one football game ticket,131,598,https://shreddr.captricity.com/api/v1/instance/224073/aligned-image
09/7/11,170,tickets to fox event,132,598,https://shreddr.captricity.com/api/v1/instance/224073/aligned-image
10/28/11,50x2=$100,event (z)tickets to women's lawyers fundraiser,132,598,https://shreddr.captricity.com/api/v1/instance/224073/aligned-image
,,fundraiser,132,598,https://shreddr.captricity.com/api/v1/instance/224073/aligned-image
11/3/11,65,dinner honoring judge hall,133,598,https://shreddr.captricity.com/api/v1/instance/224073/aligned-image
9/27/11,65,bairsters judges lunch probate section,133,598,https://shreddr.captricity.com/api/v1/instance/224073/aligned-image
12/15/11,140,probate sectiongift basket lunch,133,598,https://shreddr.captricity.com/api/v1/instance/224073/aligned-image
7/28/11,80,a's baseball ticket,134,598,https://shreddr.captricity.com/api/v1/instance/224073/aligned-image
10/28/11,25,food beverages,135,599,https://shreddr.captricity.com/api/v1/instance/224072/aligned-image
12/8/11,25,food beverages,135,599,https://shreddr.captricity.com/api/v1/instance/224072/aligned-image
01/28/11,100.00,2 tickets-annual dinner,136,289,https://shreddr.captricity.com/api/v1/instance/224071/aligned-image
3/25/11,100.00,1 ticket-annual seminar,137,289,https://shreddr.captricity.com/api/v1/instance/224071/aligned-image
,,dinner,137,289,https://shreddr.captricity.com/api/v1/instance/224071/aligned-image
12/26/11,100.00,kings tickets (4),138,289,https://shreddr.captricity.com/api/v1/instance/224071/aligned-image
9 30 11,50.00,dinner-loyola law sch,139,289,https://shreddr.captricity.com/api/v1/instance/224071/aligned-image
10/18/11,30.00,dinner-tulipano's,140,289,https://shreddr.captricity.com/api/v1/instance/224071/aligned-image
07/02/11,180.00,tix (6) angel's game,141,289,https://shreddr.captricity.com/api/v1/instance/224071/aligned-image
1/22/11,100,dinner at programbree to judges,142,608,https://shreddr.captricity.com/api/v1/instance/224070/aligned-image
4/29/11,50,lunch at educational program where i was invited to attend,143,608,https://shreddr.captricity.com/api/v1/instance/224070/aligned-image
,,not sure for this.needs to be reported.,143,608,https://shreddr.captricity.com/api/v1/instance/224070/aligned-image
,,was a participant in discussion at luncheon.,143,608,https://shreddr.captricity.com/api/v1/instance/224070/aligned-image
12/13/11,75,cocktails & hors d' oeuvres at reception free to judges,144,608,https://shreddr.captricity.com/api/v1/instance/224070/aligned-image
3/10/11,75,cocktails + hors d' oeuvres at reception free to judges,144,608,https://shreddr.captricity.com/api/v1/instance/224070/aligned-image
3/11/11,75,luncheon free to judges w/ speaker,144,608,https://shreddr.captricity.com/api/v1/instance/224070/aligned-image
11 8 11,50,attend "mixer" dinner free to invited judges,145,608,https://shreddr.captricity.com/api/v1/instance/224070/aligned-image
4/5/11,110,dinner at program - free to judges,146,608,https://shreddr.captricity.com/api/v1/instance/224070/aligned-image
1/28/11,95,educational lunch free to judges,146,608,https://shreddr.captricity.com/api/v1/instance/224070/aligned-image
9/7/11,100,attend bar assin meeting dinner free to sions,147,608,https://shreddr.captricity.com/api/v1/instance/224070/aligned-image
4/27/11,50/50,attend joint bar assn meeting between stadium,147,608,https://shreddr.captricity.com/api/v1/instance/224070/aligned-image
12/6/11,75,attend bar assn supreme court night,147,608,https://shreddr.captricity.com/api/v1/instance/224070/aligned-image
1/25/11,90,dinner in connection,148,609,https://shreddr.captricity.com/api/v1/instance/224069/aligned-image
12/13/11,90,with educational pro-,148,609,https://shreddr.captricity.com/api/v1/instance/224069/aligned-image
,,grams; judges receive,148,609,https://shreddr.captricity.com/api/v1/instance/224069/aligned-image
08 10,100,dinner- all,149,610,https://shreddr.captricity.com/api/v1/instance/224068/aligned-image
,,family law judicial officers,149,610,https://shreddr.captricity.com/api/v1/instance/224068/aligned-image
1/1/11,120.00,4x$30,150,611,https://shreddr.captricity.com/api/v1/instance/224067/aligned-image
12/31/11,,dinners,150,611,https://shreddr.captricity.com/api/v1/instance/224067/aligned-image
12/ /10,70.00,holiday dinner,151,611,https://shreddr.captricity.com/api/v1/instance/224067/aligned-image
1/1/11,150.00,5x$30,152,611,https://shreddr.captricity.com/api/v1/instance/224067/aligned-image
12/31/11,,dinners,152,611,https://shreddr.captricity.com/api/v1/instance/224067/aligned-image
12/ /11,30.00,holiday,153,611,https://shreddr.captricity.com/api/v1/instance/224067/aligned-image
,,dinner,153,611,https://shreddr.captricity.com/api/v1/instance/224067/aligned-image
01/01/11,1000,tickets (250x4),154,612,https://shreddr.captricity.com/api/v1/instance/224066/aligned-image
08/12/11,50,open house,155,612,https://shreddr.captricity.com/api/v1/instance/224066/aligned-image
,100,attended 5 monthly lunch meetings,156,613,https://shreddr.captricity.com/api/v1/instance/224065/aligned-image
12/6/11,120,dinner with aaml members,157,613,https://shreddr.captricity.com/api/v1/instance/224065/aligned-image
,,aaml memebers of which i am a mentor,157,613,https://shreddr.captricity.com/api/v1/instance/224065/aligned-image
,,am a memberwinter annual,157,613,https://shreddr.captricity.com/api/v1/instance/224065/aligned-image
05/07/11,165.00,dinner,158,622,https://shreddr.captricity.com/api/v1/instance/224064/aligned-image
05/19/11,55.00,dinner,159,622,https://shreddr.captricity.com/api/v1/instance/224064/aligned-image
11/18/11,250.00,north butte county,63,635,https://shreddr.captricity.com/api/v1/instance/224063/aligned-image
,,courthouse print by,63,635,https://shreddr.captricity.com/api/v1/instance/224063/aligned-image
,,jake early,63,635,https://shreddr.captricity.com/api/v1/instance/224063/aligned-image
07 30 11,100.00,restaurant gift card,160,643,https://shreddr.captricity.com/api/v1/instance/224062/aligned-image
12/17/11,300.00,cash,161,667,https://shreddr.captricity.com/api/v1/instance/224060/aligned-image
12/17/11,150.00,gift certificate,162,667,https://shreddr.captricity.com/api/v1/instance/224059/aligned-image
12/17/11,100.00,gift certificate,163,667,https://shreddr.captricity.com/api/v1/instance/224059/aligned-image
12/17/11,40.00,gift certificate,164,667,https://shreddr.captricity.com/api/v1/instance/224059/aligned-image
12 17 11,75.00,toasting flutes,165,667,https://shreddr.captricity.com/api/v1/instance/224059/aligned-image
12/17/11,40.00,just married ornaments,165,667,https://shreddr.captricity.com/api/v1/instance/224059/aligned-image
12/17/11,100.00,gift certificate,166,667,https://shreddr.captricity.com/api/v1/instance/224059/aligned-image
12/17/11,100.00,bible,167,667,https://shreddr.captricity.com/api/v1/instance/224059/aligned-image
12/17/11,25.00,book,167,667,https://shreddr.captricity.com/api/v1/instance/224059/aligned-image
12/17/11,80.00,gift certificate,168,667,https://shreddr.captricity.com/api/v1/instance/224058/aligned-image
12/17/11,80.00,gift certificate,169,667,https://shreddr.captricity.com/api/v1/instance/224058/aligned-image
12/17/11,200.00,gift certificate,170,667,https://shreddr.captricity.com/api/v1/instance/224058/aligned-image
12 17 11,50.00,gift certificate,171,667,https://shreddr.captricity.com/api/v1/instance/224058/aligned-image
12/17/11,25.00,gift certificate,172,667,https://shreddr.captricity.com/api/v1/instance/224058/aligned-image
12/17/11,50.00,gift certificate,173,667,https://shreddr.captricity.com/api/v1/instance/224058/aligned-image
12/17/11,100.00,gift certificate,174,667,https://shreddr.captricity.com/api/v1/instance/224056/aligned-image
12/17/11,75.00,gift certificate,175,667,https://shreddr.captricity.com/api/v1/instance/224056/aligned-image
12/17/11,100.00,gift certificate,176,667,https://shreddr.captricity.com/api/v1/instance/224056/aligned-image
12 17 11,75.00,gift certificate,177,667,https://shreddr.captricity.com/api/v1/instance/224056/aligned-image
12/17/11,225.00,gift certificate,178,667,https://shreddr.captricity.com/api/v1/instance/224056/aligned-image
12/17/11,80.00,gift certificate,179,667,https://shreddr.captricity.com/api/v1/instance/224056/aligned-image
2/10/11,125.00,facial,180,669,https://shreddr.captricity.com/api/v1/instance/224057/aligned-image
02/13/11,120,parking,181,681,https://shreddr.captricity.com/api/v1/instance/224054/aligned-image
03/20/11,120,parking,181,681,https://shreddr.captricity.com/api/v1/instance/224054/aligned-image
12/15/11,200,6 bottles of wine,182,689,https://shreddr.captricity.com/api/v1/instance/224055/aligned-image
12/08/11,150,two magnums of wine,183,689,https://shreddr.captricity.com/api/v1/instance/224055/aligned-image
12/09/11,150.00,dinner,184,692,https://shreddr.captricity.com/api/v1/instance/224053/aligned-image
09/17/11,120.00,cal football tickets,185,694,https://shreddr.captricity.com/api/v1/instance/224052/aligned-image
10/22/11,120.00,cal football tickets,185,694,https://shreddr.captricity.com/api/v1/instance/224052/aligned-image
09/08/11,525,gift certificate for,186,695,https://shreddr.captricity.com/api/v1/instance/224051/aligned-image
,,misto lino,186,695,https://shreddr.captricity.com/api/v1/instance/224051/aligned-image
01/20/11,50.00,meal at "judges night",69,696,https://shreddr.captricity.com/api/v1/instance/224050/aligned-image
11/01/12,178.00,49ers steelers,187,702,https://shreddr.captricity.com/api/v1/instance/224049/aligned-image
02/14/11,280.00,4 tickets to wwf event,188,704,https://shreddr.captricity.com/api/v1/instance/224048/aligned-image
1/29/11,350,tuition,189,707,https://shreddr.captricity.com/api/v1/instance/224047/aligned-image
06/09/11,65.00,judges night,13,710,https://shreddr.captricity.com/api/v1/instance/224046/aligned-image
12/10/11,50.00,holiday party,190,710,https://shreddr.captricity.com/api/v1/instance/224046/aligned-image
12/16/11,60.00,holiday party,191,710,https://shreddr.captricity.com/api/v1/instance/224046/aligned-image
1/18/11,100,meal,192,714,https://shreddr.captricity.com/api/v1/instance/224044/aligned-image
9/01/11,1500,use of home,193,715,https://shreddr.captricity.com/api/v1/instance/224043/aligned-image
09/15/11,5.00,refreshments,12,720,https://shreddr.captricity.com/api/v1/instance/224042/aligned-image
09/18/11,40.00,lunch,12,720,https://shreddr.captricity.com/api/v1/instance/224042/aligned-image
11/04/11,32.00,cont bkfst & lunch,12,720,https://shreddr.captricity.com/api/v1/instance/224042/aligned-image
5/12/11,227,community prop,194,733,https://shreddr.captricity.com/api/v1/instance/224041/aligned-image
,,book won in a,194,733,https://shreddr.captricity.com/api/v1/instance/224041/aligned-image
,,raffle @ cja conf,194,733,https://shreddr.captricity.com/api/v1/instance/224041/aligned-image
8/6/11,130,wine as compnstn,195,733,https://shreddr.captricity.com/api/v1/instance/224041/aligned-image
,,for officiating at,195,733,https://shreddr.captricity.com/api/v1/instance/224041/aligned-image
,,a wedding,195,733,https://shreddr.captricity.com/api/v1/instance/224041/aligned-image
11/18/11,250.00,earley print nbcc,196,736,https://shreddr.captricity.com/api/v1/instance/224040/aligned-image
12/17/11,80.00,2 basketball tickets,197,753,https://shreddr.captricity.com/api/v1/instance/224039/aligned-image
01/25/11,150.00,gift certificate,198,763,https://shreddr.captricity.com/api/v1/instance/224038/aligned-image
05/28/11,100.00,restaurant gift cert,199,763,https://shreddr.captricity.com/api/v1/instance/224038/aligned-image
12/9/11,125,ticket-kid's turn event,200,764,https://shreddr.captricity.com/api/v1/instance/224037/aligned-image
10/30/11,200.00,accommodations,201,781,https://shreddr.captricity.com/api/v1/instance/224036/aligned-image
10/31/11,240.00,accommodations,201,781,https://shreddr.captricity.com/api/v1/instance/224036/aligned-image
,,and meales,201,781,https://shreddr.captricity.com/api/v1/instance/224036/aligned-image
9/17/11,170.00,2 tickets- awards gala,202,782,https://shreddr.captricity.com/api/v1/instance/224035/aligned-image
06/11/11,40.00,2 tickets + parking,203,782,https://shreddr.captricity.com/api/v1/instance/224035/aligned-image
5/10/11,50.00,awards luncheon,204,782,https://shreddr.captricity.com/api/v1/instance/224034/aligned-image
12/06/11,50.00,holiday luncheon,204,782,https://shreddr.captricity.com/api/v1/instance/224034/aligned-image
9/20/11,25.00,reception/chief justic,205,782,https://shreddr.captricity.com/api/v1/instance/224034/aligned-image
12/06/11,25.00,reception/chief judge,205,782,https://shreddr.captricity.com/api/v1/instance/224034/aligned-image
9/27/11,50.00,installation luncheon,206,782,https://shreddr.captricity.com/api/v1/instance/224034/aligned-image
7/14/11,50.00,awards luncheon,207,782,https://shreddr.captricity.com/api/v1/instance/224034/aligned-image
7/27/11,75.00,annual judges dinner,208,782,https://shreddr.captricity.com/api/v1/instance/224034/aligned-image
4/15/11,50.00,fund raiser luncheon,209,782,https://shreddr.captricity.com/api/v1/instance/224034/aligned-image
04/01/11,75.00,annual dinner,25,805,https://shreddr.captricity.com/api/v1/instance/224032/aligned-image
09/28/11,20.00,appreciation event,25,805,https://shreddr.captricity.com/api/v1/instance/224032/aligned-image
03/16/11,75.00,edu. program dinner,210,805,https://shreddr.captricity.com/api/v1/instance/224032/aligned-image
11/10/11,75.00,edu.program dinner,210,805,https://shreddr.captricity.com/api/v1/instance/224032/aligned-image
1/22/11,100.00,attend annual dinner,211,815,https://shreddr.captricity.com/api/v1/instance/224031/aligned-image
12/1/11,100.00,meals at board mtg.,212,815,https://shreddr.captricity.com/api/v1/instance/224031/aligned-image
9/22/11,80.00,meals at board mtg.,212,815,https://shreddr.captricity.com/api/v1/instance/224031/aligned-image
,200.00,lunches-see below,213,815,https://shreddr.captricity.com/api/v1/instance/224031/aligned-image
1/26/11,40.00,bench-bar lunch,213,815,https://shreddr.captricity.com/api/v1/instance/224031/aligned-image
6/4/11,60.00,exec. com. dinner,213,815,https://shreddr.captricity.com/api/v1/instance/224031/aligned-image
9/16/11,115.00,concert tickets & food,214,815,https://shreddr.captricity.com/api/v1/instance/224031/aligned-image
3/11/11,120.00,meals at board retreat,215,815,https://shreddr.captricity.com/api/v1/instance/224031/aligned-image
5/14/11,100.00,meals at board mtg.,215,815,https://shreddr.captricity.com/api/v1/instance/224031/aligned-image
9/21/11,50.00,meal at bldg. dedicatio,215,815,https://shreddr.captricity.com/api/v1/instance/224031/aligned-image
10/15/11,100.00,hotel room,216,823,https://shreddr.captricity.com/api/v1/instance/224030/aligned-image
11/2/11,100.00,hotel room,216,823,https://shreddr.captricity.com/api/v1/instance/224030/aligned-image
02/26/11,200.00,scrapbooking items,217,823,https://shreddr.captricity.com/api/v1/instance/224030/aligned-image
05/05/11,50,dinner ticket,218,832,https://shreddr.captricity.com/api/v1/instance/224028/aligned-image
3/15/11,85,dinner ticket,8,832,https://shreddr.captricity.com/api/v1/instance/224028/aligned-image
6/14/11,85,dinner ticket,8,832,https://shreddr.captricity.com/api/v1/instance/224028/aligned-image
12/13/11,85,dinner ticket,8,832,https://shreddr.captricity.com/api/v1/instance/224028/aligned-image
6/11/11,100,dinner (hall of fame),219,832,https://shreddr.captricity.com/api/v1/instance/224028/aligned-image
06/05/11,150,dinner-montalvo arts,220,832,https://shreddr.captricity.com/api/v1/instance/224027/aligned-image
10/22/11,60,football ticket,221,832,https://shreddr.captricity.com/api/v1/instance/224027/aligned-image
12/14/11,200,dinner legion of honor,222,832,https://shreddr.captricity.com/api/v1/instance/224027/aligned-image
9/3/11,200,restaurant credit,223,832,https://shreddr.captricity.com/api/v1/instance/224027/aligned-image
10/20/11,250,dinner ticket,224,832,https://shreddr.captricity.com/api/v1/instance/224027/aligned-image
3/31/11,125,dinner ticket,225,832,https://shreddr.captricity.com/api/v1/instance/224027/aligned-image
9/10/11,250,dinnerinvitation,226,838,https://shreddr.captricity.com/api/v1/instance/224025/aligned-image
,,invitation at centennial,226,838,https://shreddr.captricity.com/api/v1/instance/224025/aligned-image
,,centennial,226,838,https://shreddr.captricity.com/api/v1/instance/224025/aligned-image
12/09/10,300,x-mass party,227,846,https://shreddr.captricity.com/api/v1/instance/224026/aligned-image
4/28/11,120.00,dinner & awards program,5,849,https://shreddr.captricity.com/api/v1/instance/224024/aligned-image
10/14/11,175.00,dinner program,5,849,https://shreddr.captricity.com/api/v1/instance/224024/aligned-image
12/14/11,60.00,holiday reception,5,849,https://shreddr.captricity.com/api/v1/instance/224024/aligned-image
12/9/11,60.00,holiday reception,228,849,https://shreddr.captricity.com/api/v1/instance/224024/aligned-image
7/27/11,100.00,dinner & program,229,849,https://shreddr.captricity.com/api/v1/instance/224024/aligned-image
3/25/11,50.00,reception,230,849,https://shreddr.captricity.com/api/v1/instance/224024/aligned-image
10/18/11,100.00,program & dinner,231,849,https://shreddr.captricity.com/api/v1/instance/224024/aligned-image
12/1/11,120.00,holiday dinner,52,849,https://shreddr.captricity.com/api/v1/instance/224024/aligned-image
01/20/11,180.00,personal and spousal attendance at bar association dinner function,69,853,https://shreddr.captricity.com/api/v1/instance/224023/aligned-image
,,north buttecounm,63,870,https://shreddr.captricity.com/api/v1/instance/224022/aligned-image
,,county,63,870,https://shreddr.captricity.com/api/v1/instance/224022/aligned-image
,,courthouse,63,870,https://shreddr.captricity.com/api/v1/instance/224022/aligned-image
4/29/11,480.00,4 baseball tickets,232,876,https://shreddr.captricity.com/api/v1/instance/224021/aligned-image
9/3/11,220.00,4 football tickets,233,876,https://shreddr.captricity.com/api/v1/instance/224021/aligned-image
7/24/11,480.00,4 baseball tickets,234,876,https://shreddr.captricity.com/api/v1/instance/224021/aligned-image
8/26/11,70.00,1 baseball ticket,235,876,https://shreddr.captricity.com/api/v1/instance/224021/aligned-image
1/10/11,120,toy/film prop,236,878,https://shreddr.captricity.com/api/v1/instance/224020/aligned-image
7/28/11,50,dinner,237,878,https://shreddr.captricity.com/api/v1/instance/224020/aligned-image
11/24/11,150,clothing,238,880,https://shreddr.captricity.com/api/v1/instance/224019/aligned-image
12/29/11,80,dinner,239,880,https://shreddr.captricity.com/api/v1/instance/224019/aligned-image
03/01/11,1500.00,basketball tickets,240,881,https://shreddr.captricity.com/api/v1/instance/224017/aligned-image
9/18/11,276,tickets / dinner,241,887,https://shreddr.captricity.com/api/v1/instance/224018/aligned-image
1/25/11,75,dinner,242,897,https://shreddr.captricity.com/api/v1/instance/224016/aligned-image
5/10/11,75,dinner,242,897,https://shreddr.captricity.com/api/v1/instance/224016/aligned-image
12/31/11,75,lunch dinner,242,897,https://shreddr.captricity.com/api/v1/instance/224016/aligned-image
12/9/11,50,lunch,243,897,https://shreddr.captricity.com/api/v1/instance/224016/aligned-image
09/14/11,250.00,baseball tickets,244,908,https://shreddr.captricity.com/api/v1/instance/224015/aligned-image
11/15/12,500.00,vacation home,245,908,https://shreddr.captricity.com/api/v1/instance/224015/aligned-image
9/11,1000.00,airplane ride,246,925,https://shreddr.captricity.com/api/v1/instance/224013/aligned-image
08/02/11,50.00,hourglass,247,927,https://shreddr.captricity.com/api/v1/instance/224014/aligned-image
12 25 11,50.00,hourglass,247,927,https://shreddr.captricity.com/api/v1/instance/224014/aligned-image
09/22/11,275.00,dodger tickets,248,927,https://shreddr.captricity.com/api/v1/instance/224014/aligned-image
9/3/11,unknown,football game ticket,249,932,https://shreddr.captricity.com/api/v1/instance/224012/aligned-image
10/29/11,unknown,football game ticket,249,932,https://shreddr.captricity.com/api/v1/instance/224012/aligned-image
1/20/11,80.00,dinner meeting,69,933,https://shreddr.captricity.com/api/v1/instance/224011/aligned-image
10/6/11,90.00,dinner meeting,7,933,https://shreddr.captricity.com/api/v1/instance/224011/aligned-image
3/30/11,80.00,dinner meeting,242,933,https://shreddr.captricity.com/api/v1/instance/224011/aligned-image
6/8/11,80.00,dinner meeting,242,933,https://shreddr.captricity.com/api/v1/instance/224011/aligned-image
9/14/11,80.00,dinner meeting,242,933,https://shreddr.captricity.com/api/v1/instance/224011/aligned-image
6/29/11,125.00,baseball ticket,250,933,https://shreddr.captricity.com/api/v1/instance/224011/aligned-image
8/2/11,125.00,baseball ticket,250,933,https://shreddr.captricity.com/api/v1/instance/224011/aligned-image
1/01/11,200,performance gift cards,251,935,https://shreddr.captricity.com/api/v1/instance/224010/aligned-image
,100.00,food,252,939,https://shreddr.captricity.com/api/v1/instance/224009/aligned-image
8/25/11,100.00,food,253,939,https://shreddr.captricity.com/api/v1/instance/224009/aligned-image
10/06/11,75.00,food,7,939,https://shreddr.captricity.com/api/v1/instance/224009/aligned-image
3 14 11,30.00,food,254,939,https://shreddr.captricity.com/api/v1/instance/224009/aligned-image
12/09/11,200.00,food,255,939,https://shreddr.captricity.com/api/v1/instance/224009/aligned-image
1/20/11,65.00,dinner,256,939,https://shreddr.captricity.com/api/v1/instance/224008/aligned-image
,150.00,food,257,939,https://shreddr.captricity.com/api/v1/instance/224008/aligned-image
,150,food,258,939,https://shreddr.captricity.com/api/v1/instance/224008/aligned-image
,100.00,food,259,939,https://shreddr.captricity.com/api/v1/instance/224008/aligned-image
10/25/11,50.00,food,260,939,https://shreddr.captricity.com/api/v1/instance/224008/aligned-image
,150.00,food,261,939,https://shreddr.captricity.com/api/v1/instance/224008/aligned-image
9/16/11,100,mission gula,262,944,https://shreddr.captricity.com/api/v1/instance/224007/aligned-image
10/6/11,10,dinner,263,944,https://shreddr.captricity.com/api/v1/instance/224007/aligned-image
8/24/11,150,dinner,264,951,https://shreddr.captricity.com/api/v1/instance/224006/aligned-image
2/11/11,375,seminar,265,951,https://shreddr.captricity.com/api/v1/instance/224006/aligned-image
12/15/11,350,probate section family law section lunch,266,951,https://shreddr.captricity.com/api/v1/instance/224006/aligned-image
7/25/11,100,seminars,266,951,https://shreddr.captricity.com/api/v1/instance/224006/aligned-image
1/20/11,55.00,dinner - judge's night,266,951,https://shreddr.captricity.com/api/v1/instance/224006/aligned-image
8 23 11,59.00,ballgame,267,951,https://shreddr.captricity.com/api/v1/instance/224006/aligned-image
2/18/11,150,seminar,268,951,https://shreddr.captricity.com/api/v1/instance/224006/aligned-image
8/23/11,50.00,dinner- ballgame,269,951,https://shreddr.captricity.com/api/v1/instance/224006/aligned-image
11/18/11,250.00,north butte county,63,953,https://shreddr.captricity.com/api/v1/instance/224005/aligned-image
,,courthouse print,63,953,https://shreddr.captricity.com/api/v1/instance/224005/aligned-image
,,by jake early,63,953,https://shreddr.captricity.com/api/v1/instance/224005/aligned-image
06/11,65,dinner,270,961,https://shreddr.captricity.com/api/v1/instance/224004/aligned-image
10/1/11,2120,usc football tickets,271,974,https://shreddr.captricity.com/api/v1/instance/224003/aligned-image
,200,tickets,271,974,https://shreddr.captricity.com/api/v1/instance/224003/aligned-image
03/31/11,19.00,dinner,272,976,https://shreddr.captricity.com/api/v1/instance/224002/aligned-image
03 31 11,13.90,leather journal,272,976,https://shreddr.captricity.com/api/v1/instance/224002/aligned-image
04/27/11,20.00,reception,272,976,https://shreddr.captricity.com/api/v1/instance/224002/aligned-image
11/03/11,95,ticket to annual dinner,273,984,https://shreddr.captricity.com/api/v1/instance/224001/aligned-image
12/25/11,45,gavel,274,984,https://shreddr.captricity.com/api/v1/instance/224001/aligned-image
12/25/11,45,tote bag,275,984,https://shreddr.captricity.com/api/v1/instance/224001/aligned-image
12/25/11,50,cookbook,276,984,https://shreddr.captricity.com/api/v1/instance/224001/aligned-image
6/17/11,100.00,attend alumni event,277,991,https://shreddr.captricity.com/api/v1/instance/224000/aligned-image
9/21/11,100.00,meal at bldg. dedicatio,278,991,https://shreddr.captricity.com/api/v1/instance/224000/aligned-image
6/4/11,60.00,litigation sec.dinner,213,991,https://shreddr.captricity.com/api/v1/instance/224000/aligned-image
1/26/11,40.00,bench-bar lunch,213,991,https://shreddr.captricity.com/api/v1/instance/224000/aligned-image
9/16/11,115.00,concert tickets & food,214,991,https://shreddr.captricity.com/api/v1/instance/224000/aligned-image
3/11/11,120.00,meals at board retreat,215,991,https://shreddr.captricity.com/api/v1/instance/224000/aligned-image
5/14/11,100.00,meals at graduation,215,991,https://shreddr.captricity.com/api/v1/instance/224000/aligned-image
12/1/11,70.00,dinner at board mtg.,215,991,https://shreddr.captricity.com/api/v1/instance/224000/aligned-image
3/17/11,80.00,attend board dinner,279,991,https://shreddr.captricity.com/api/v1/instance/224000/aligned-image
,75,food,280,993,https://shreddr.captricity.com/api/v1/instance/223999/aligned-image
06/15/11,95.00,reception,8,995,https://shreddr.captricity.com/api/v1/instance/223998/aligned-image
07/27/11,95.00,reception,281,995,https://shreddr.captricity.com/api/v1/instance/223998/aligned-image
02/24/11,75,dinner,282,997,https://shreddr.captricity.com/api/v1/instance/223997/aligned-image
06/09/11,150.00,dinner,283,999,https://shreddr.captricity.com/api/v1/instance/223996/aligned-image
10/8/11,250.00,accommodations,284,1019,https://shreddr.captricity.com/api/v1/instance/223995/aligned-image
01/11,50.00,dinner judge's night,69,1038,https://shreddr.captricity.com/api/v1/instance/223994/aligned-image
12 / /11,150.00,2 tickets christmas,285,1038,https://shreddr.captricity.com/api/v1/instance/223994/aligned-image
,,awards banquet,285,1038,https://shreddr.captricity.com/api/v1/instance/223994/aligned-image
05/19/11,75.00,dinner oc women,286,1038,https://shreddr.captricity.com/api/v1/instance/223994/aligned-image
,,lawyers annual dinner,286,1038,https://shreddr.captricity.com/api/v1/instance/223994/aligned-image
11/17/11,50.00,tustiin mayor's breakfst,158,1038,https://shreddr.captricity.com/api/v1/instance/223994/aligned-image
12/18/11,98,chargers ticket,287,1042,https://shreddr.captricity.com/api/v1/instance/223993/aligned-image
2/10/11,15,son's b-day,288,1045,https://shreddr.captricity.com/api/v1/instance/223992/aligned-image
12 27 11,15,daughter's b-day,288,1045,https://shreddr.captricity.com/api/v1/instance/223992/aligned-image
2/10/11,20,son's b-day,289,1045,https://shreddr.captricity.com/api/v1/instance/223992/aligned-image
12/25/11,100,champagne,289,1045,https://shreddr.captricity.com/api/v1/instance/223992/aligned-image
12/27/11,20,daughters b-day,289,1045,https://shreddr.captricity.com/api/v1/instance/223992/aligned-image
2/10/11,15,son's b-day,290,1045,https://shreddr.captricity.com/api/v1/instance/223992/aligned-image
12/27/11,15,daughter's b-day,290,1045,https://shreddr.captricity.com/api/v1/instance/223992/aligned-image
2/10/11,20,son's b-day,291,1045,https://shreddr.captricity.com/api/v1/instance/223992/aligned-image
12/27/11,20,daughter's b-day,291,1045,https://shreddr.captricity.com/api/v1/instance/223992/aligned-image
12/15/11,55,1 bottle of wine,292,1047,https://shreddr.captricity.com/api/v1/instance/223991/aligned-image
8 22 11,100,various items of law school items (i.e. pen coffee cup; sweat shirt,292,1047,https://shreddr.captricity.com/api/v1/instance/223991/aligned-image
,,coffee cup; sweat ahert,292,1047,https://shreddr.captricity.com/api/v1/instance/223991/aligned-image
05/01/11,1250,law firm retreat,293,1051,https://shreddr.captricity.com/api/v1/instance/223990/aligned-image
03 25 11,300,charity dinner ticket,293,1051,https://shreddr.captricity.com/api/v1/instance/223990/aligned-image
12/01/11,80,dinner,294,1051,https://shreddr.captricity.com/api/v1/instance/223990/aligned-image
12/13/11,100,holiday party dinner,295,1051,https://shreddr.captricity.com/api/v1/instance/223990/aligned-image
04/04/11,150,dinner,296,1051,https://shreddr.captricity.com/api/v1/instance/223990/aligned-image
12/20/11,75.00,3 bottles sofia wine,297,1055,https://shreddr.captricity.com/api/v1/instance/223989/aligned-image
6/25/11,980,right (raffle prize),298,1060,https://shreddr.captricity.com/api/v1/instance/223988/aligned-image
09/21/11,189.00,concert ticket,299,1062,https://shreddr.captricity.com/api/v1/instance/223987/aligned-image
01/ / 11,200,gift card,300,1071,https://shreddr.captricity.com/api/v1/instance/223986/aligned-image
01 11,175,pen,300,1071,https://shreddr.captricity.com/api/v1/instance/223986/aligned-image
01/ /11,125,champagne,301,1071,https://shreddr.captricity.com/api/v1/instance/223986/aligned-image
01/ /11,100.00,judge's dinner ticket,302,1074,https://shreddr.captricity.com/api/v1/instance/223985/aligned-image
01/12/11,65,dinner,13,1083,https://shreddr.captricity.com/api/v1/instance/223984/aligned-image
06 09 11,65,dinner,13,1083,https://shreddr.captricity.com/api/v1/instance/223984/aligned-image
09/27/11,65,lunch,13,1083,https://shreddr.captricity.com/api/v1/instance/223984/aligned-image
12/06/11,45,lunch,13,1083,https://shreddr.captricity.com/api/v1/instance/223984/aligned-image
08/27/11,100,1preseason game,303,1083,https://shreddr.captricity.com/api/v1/instance/223984/aligned-image
,,ticket/ refreshments,303,1083,https://shreddr.captricity.com/api/v1/instance/223984/aligned-image
11/03/11,90,dinner,29,1083,https://shreddr.captricity.com/api/v1/instance/223984/aligned-image
11/11,50,scarf,304,1084,https://shreddr.captricity.com/api/v1/instance/223983/aligned-image
1/19/11,250.00,plaque meal,14,1088,https://shreddr.captricity.com/api/v1/instance/223981/aligned-image
7/20/11,50.00,luncheon admission,305,1089,https://shreddr.captricity.com/api/v1/instance/223982/aligned-image
9/21/11,50.00,luncheon admission,305,1089,https://shreddr.captricity.com/api/v1/instance/223982/aligned-image
11/16/11,50.00,luncheon admission,306,1089,https://shreddr.captricity.com/api/v1/instance/223982/aligned-image
1/18/11,250.00,artists rendering,63,1106,https://shreddr.captricity.com/api/v1/instance/223979/aligned-image
9/24/11,300,non-profit fundraiser tix,307,1124,https://shreddr.captricity.com/api/v1/instance/223980/aligned-image
12/02/11,150.00,santa claus inc. dine,308,1129,https://shreddr.captricity.com/api/v1/instance/223978/aligned-image
12/2/11,150.00,santa claus dinner,308,1130,https://shreddr.captricity.com/api/v1/instance/223977/aligned-image
12/09/11,150.00,dinner at holiday party,309,1150,https://shreddr.captricity.com/api/v1/instance/223976/aligned-image
,,with 250+ guests,309,1150,https://shreddr.captricity.com/api/v1/instance/223976/aligned-image
11/20/11,100.00,dinner at party for non-,310,1150,https://shreddr.captricity.com/api/v1/instance/223976/aligned-image
,,profit heritage point,310,1150,https://shreddr.captricity.com/api/v1/instance/223976/aligned-image
11/09/11,85.00,dinner,311,1150,https://shreddr.captricity.com/api/v1/instance/223976/aligned-image
2/18/11,75,dinner,312,1160,https://shreddr.captricity.com/api/v1/instance/223975/aligned-image
1/12/11,65,installation of officers cocktail party,88,1160,https://shreddr.captricity.com/api/v1/instance/223974/aligned-image
1/21/11,45,mcle day lunch,88,1160,https://shreddr.captricity.com/api/v1/instance/223974/aligned-image
5/10/11,45,women lawyers awards lunch,88,1160,https://shreddr.captricity.com/api/v1/instance/223974/aligned-image
3/31/11,50,speech to group lunch,313,1160,https://shreddr.captricity.com/api/v1/instance/223974/aligned-image
6/9/11,65,judges night + dinner,88,1160,https://shreddr.captricity.com/api/v1/instance/223974/aligned-image
9/27/11,45,barristers annual lunch,88,1160,https://shreddr.captricity.com/api/v1/instance/223974/aligned-image
9/20/11,45,diversity event cocktails appetizers,88,1160,https://shreddr.captricity.com/api/v1/instance/223974/aligned-image
4/12/11,40,speech w/ lunch,314,1160,https://shreddr.captricity.com/api/v1/instance/223974/aligned-image
12/6/11,45,women lawyers xmas lunch,13,1160,https://shreddr.captricity.com/api/v1/instance/223974/aligned-image
12/16/11,45,family law xmas lunch,13,1160,https://shreddr.captricity.com/api/v1/instance/223974/aligned-image
7/12/11,15,speech lunch-delisandwich,44,1160,https://shreddr.captricity.com/api/v1/instance/223974/aligned-image
11/3/11,85,judge of the year dinner,44,1160,https://shreddr.captricity.com/api/v1/instance/223974/aligned-image
11/15/11,100,gift certificate dewz restaurant,315,1161,https://shreddr.captricity.com/api/v1/instance/223973/aligned-image
11/15/11,48,wine,315,1161,https://shreddr.captricity.com/api/v1/instance/223973/aligned-image
10/14/11,49,wine,316,1161,https://shreddr.captricity.com/api/v1/instance/223973/aligned-image
10/14/11,20-,cork holder,316,1161,https://shreddr.captricity.com/api/v1/instance/223973/aligned-image
,,meals @ cle events,317,1162,https://shreddr.captricity.com/api/v1/instance/223972/aligned-image
1/20/11,300.00,artwork,318,1163,https://shreddr.captricity.com/api/v1/instance/223971/aligned-image
08/03/11,69.50,padres ballgame,319,1163,https://shreddr.captricity.com/api/v1/instance/223971/aligned-image
03/08/11,100.00,dinner,320,1163,https://shreddr.captricity.com/api/v1/instance/223971/aligned-image
11/16/11,30,basketball game,321,1163,https://shreddr.captricity.com/api/v1/instance/223971/aligned-image
06/27/11,63.00,padres ballgame,322,1163,https://shreddr.captricity.com/api/v1/instance/223971/aligned-image
,4200.00,cash,323,1163,https://shreddr.captricity.com/api/v1/instance/223971/aligned-image
02/05/11,400,fam. law rev course,324,1168,https://shreddr.captricity.com/api/v1/instance/223969/aligned-image
1/12/11,65,dinner,325,1168,https://shreddr.captricity.com/api/v1/instance/223970/aligned-image
5/10/11,47.50,lunch,325,1168,https://shreddr.captricity.com/api/v1/instance/223970/aligned-image
6/9/11,65,dinner,325,1168,https://shreddr.captricity.com/api/v1/instance/223970/aligned-image
05/13/11,45,lunch,326,1168,https://shreddr.captricity.com/api/v1/instance/223970/aligned-image
5/6/11,55,lunch,326,1168,https://shreddr.captricity.com/api/v1/instance/223970/aligned-image
9/27/11,65,lunch,326,1168,https://shreddr.captricity.com/api/v1/instance/223970/aligned-image
9/20/11,50,lunch,326,1168,https://shreddr.captricity.com/api/v1/instance/223970/aligned-image
11/03/11,100,dinner,327,1168,https://shreddr.captricity.com/api/v1/instance/223970/aligned-image
12/06/11,45,lunch,326,1168,https://shreddr.captricity.com/api/v1/instance/223970/aligned-image
12/06/11,30,hors d'oeuvres,326,1168,https://shreddr.captricity.com/api/v1/instance/223970/aligned-image
12/16/11,75,lunch,326,1168,https://shreddr.captricity.com/api/v1/instance/223970/aligned-image
02/16/11,100,dinner,328,1168,https://shreddr.captricity.com/api/v1/instance/223970/aligned-image
08/27/2011,300.00,2 preseason tickets + parking,329,1174,https://shreddr.captricity.com/api/v1/instance/223968/aligned-image
9/7/2011,85.00,san mateo historical association dinner ticket,132,1174,https://shreddr.captricity.com/api/v1/instance/223968/aligned-image
,,dinner ticket honoring retireddistrict attorneys,132,1174,https://shreddr.captricity.com/api/v1/instance/223968/aligned-image
,,district attorneys keith c. sorenson james p. fox,132,1174,https://shreddr.captricity.com/api/v1/instance/223968/aligned-image
9/27/2011,65.00,judges lunch,330,1174,https://shreddr.captricity.com/api/v1/instance/223968/aligned-image
9/1/11,200,tickets & food,329,1178,https://shreddr.captricity.com/api/v1/instance/223967/aligned-image
1/12/11,65,bar installation,13,1178,https://shreddr.captricity.com/api/v1/instance/223967/aligned-image
6/9/11,65,judges night,13,1178,https://shreddr.captricity.com/api/v1/instance/223967/aligned-image
12/16/11,65,family law lunch,13,1178,https://shreddr.captricity.com/api/v1/instance/223967/aligned-image
9/27/11,65,lunch honoring bench,330,1178,https://shreddr.captricity.com/api/v1/instance/223967/aligned-image
11/3/11,90,dinner honoring bench,331,1178,https://shreddr.captricity.com/api/v1/instance/223967/aligned-image
12/6/11,45,lunch honoring bench,332,1178,https://shreddr.captricity.com/api/v1/instance/223967/aligned-image
02/23/11,50.00,dinner,333,1185,https://shreddr.captricity.com/api/v1/instance/223965/aligned-image
09/20/11,50.00,cocktails (for 2),333,1185,https://shreddr.captricity.com/api/v1/instance/223965/aligned-image
02/28/11,50.00,luncheon,334,1185,https://shreddr.captricity.com/api/v1/instance/223965/aligned-image
05/02/11,50.00,luncheon,334,1185,https://shreddr.captricity.com/api/v1/instance/223965/aligned-image
10/24/11,50.00,luncheon,334,1185,https://shreddr.captricity.com/api/v1/instance/223965/aligned-image
05/07/11,100.00,dinner (for 2),335,1185,https://shreddr.captricity.com/api/v1/instance/223965/aligned-image
11/04/11,200,2dinners,336,1185,https://shreddr.captricity.com/api/v1/instance/223965/aligned-image
11/15/11,150.00,charity dinner,337,1185,https://shreddr.captricity.com/api/v1/instance/223965/aligned-image
01/12/11,75.00,installation reception,13,1224,https://shreddr.captricity.com/api/v1/instance/223966/aligned-image
11/03/11,75.00,annual dinner,29,1224,https://shreddr.captricity.com/api/v1/instance/223966/aligned-image
06/09/11,100.00,giant's game,338,1224,https://shreddr.captricity.com/api/v1/instance/223966/aligned-image
11/05/11,170,play ticket to " hair",339,1224,https://shreddr.captricity.com/api/v1/instance/223966/aligned-image
06/06/11,75.00,judges' reception,13,1224,https://shreddr.captricity.com/api/v1/instance/223966/aligned-image
05/27/11,75.00,annual dinner,340,1224,https://shreddr.captricity.com/api/v1/instance/223966/aligned-image
01/12/11,75.00,installation reception,13,1224,https://shreddr.captricity.com/api/v1/instance/223963/aligned-image
11/03/11,75.00,annual dinner,29,1224,https://shreddr.captricity.com/api/v1/instance/223963/aligned-image
06/09/11,100.00,giant's game,338,1224,https://shreddr.captricity.com/api/v1/instance/223963/aligned-image
11/05/11,170,play ticket to " hair",339,1224,https://shreddr.captricity.com/api/v1/instance/223963/aligned-image
06/06/11,75.00,judges' reception,13,1224,https://shreddr.captricity.com/api/v1/instance/223963/aligned-image
05/27/11,75.00,annual dinner,340,1224,https://shreddr.captricity.com/api/v1/instance/223963/aligned-image
12/16/11,300,party & lodging,341,1232,https://shreddr.captricity.com/api/v1/instance/223964/aligned-image
01/11,100,annual dinner,342,1234,https://shreddr.captricity.com/api/v1/instance/223962/aligned-image
8/6/11,150,group dinner,343,1252,https://shreddr.captricity.com/api/v1/instance/223961/aligned-image
11/5/10,250,group dinner,344,1252,https://shreddr.captricity.com/api/v1/instance/223961/aligned-image
10/13/11,125,group dinner,345,1252,https://shreddr.captricity.com/api/v1/instance/223961/aligned-image
5/7/11,150.00,dinner for my wife,346,1255,https://shreddr.captricity.com/api/v1/instance/223959/aligned-image
,,and me for performing,346,1255,https://shreddr.captricity.com/api/v1/instance/223959/aligned-image
,,wedding,346,1255,https://shreddr.captricity.com/api/v1/instance/223959/aligned-image
,250,dinners @ quarterly,347,1259,https://shreddr.captricity.com/api/v1/instance/223960/aligned-image
,,quarterly meetings,347,1259,https://shreddr.captricity.com/api/v1/instance/223960/aligned-image
,250,lunches dinners receptions,348,1259,https://shreddr.captricity.com/api/v1/instance/223960/aligned-image
,,receptionswhere i was nota speaker,348,1259,https://shreddr.captricity.com/api/v1/instance/223960/aligned-image
,,a speaker/presenter,348,1259,https://shreddr.captricity.com/api/v1/instance/223960/aligned-image
10/6/11,55.00,judges night/awards night,7,1291,https://shreddr.captricity.com/api/v1/instance/223957/aligned-image
,,awards night,7,1291,https://shreddr.captricity.com/api/v1/instance/223957/aligned-image
6/20/11,60.00,banquet,349,1291,https://shreddr.captricity.com/api/v1/instance/223957/aligned-image
,80.00,tie,350,1291,https://shreddr.captricity.com/api/v1/instance/223957/aligned-image
12/2/11,125.00,holiday party,351,1291,https://shreddr.captricity.com/api/v1/instance/223958/aligned-image
12/9/11,180.00,holiday party,352,1291,https://shreddr.captricity.com/api/v1/instance/223958/aligned-image
1/20/11,100.00,judges night/instalation of officers,353,1291,https://shreddr.captricity.com/api/v1/instance/223958/aligned-image
,,installation ofofficers,353,1291,https://shreddr.captricity.com/api/v1/instance/223958/aligned-image
,180,board meetings+ education programs,354,1291,https://shreddr.captricity.com/api/v1/instance/223958/aligned-image
,,programs advisory board member parricipant on board advisor,354,1291,https://shreddr.captricity.com/api/v1/instance/223958/aligned-image
,,participant on board advisor,354,1291,https://shreddr.captricity.com/api/v1/instance/223958/aligned-image
6/9/11,45.00,past pres. board metting,355,1291,https://shreddr.captricity.com/api/v1/instance/223958/aligned-image
meetings,90.00,seminar/meeting,355,1291,https://shreddr.captricity.com/api/v1/instance/223958/aligned-image
4/20/11,300.00,laker game,91,1291,https://shreddr.captricity.com/api/v1/instance/223958/aligned-image
3/14/11,25.00,st. pat. reception,91,1291,https://shreddr.captricity.com/api/v1/instance/223958/aligned-image
4/9/11,200.00,foodbeverages at social event,356,1294,https://shreddr.captricity.com/api/v1/instance/223956/aligned-image
,,at social event,356,1294,https://shreddr.captricity.com/api/v1/instance/223956/aligned-image
5/7/11,200,food beverages,357,1294,https://shreddr.captricity.com/api/v1/instance/223956/aligned-image
5/19/11,150,at social event,357,1294,https://shreddr.captricity.com/api/v1/instance/223956/aligned-image
11/18/11,576.00,2 opera tickets,358,1298,https://shreddr.captricity.com/api/v1/instance/223955/aligned-image
4/1/11,75.00,annual dinner,25,1299,https://shreddr.captricity.com/api/v1/instance/223954/aligned-image
3/16/11,75.00,edu. program dinner,359,1299,https://shreddr.captricity.com/api/v1/instance/223954/aligned-image
11/10/11,75.00,edu.program dinner,359,1299,https://shreddr.captricity.com/api/v1/instance/223954/aligned-image
4/30/11,100.00,visalia annual dinner,59,1299,https://shreddr.captricity.com/api/v1/instance/223954/aligned-image
11/19/11,40.00,annual dinner,360,1299,https://shreddr.captricity.com/api/v1/instance/223954/aligned-image
12/29/11,150.00,wine & cheese basket,361,1308,https://shreddr.captricity.com/api/v1/instance/223953/aligned-image
,,& gift certificate,361,1308,https://shreddr.captricity.com/api/v1/instance/223953/aligned-image
01/12/11,65.00,dinner,362,1315,https://shreddr.captricity.com/api/v1/instance/223951/aligned-image
09/27/11,50.00,lunch,362,1315,https://shreddr.captricity.com/api/v1/instance/223951/aligned-image
11/03/11,65.00,dinner,362,1315,https://shreddr.captricity.com/api/v1/instance/223951/aligned-image
12/06/11,50.00,hors d'oeuvres,13,1315,https://shreddr.captricity.com/api/v1/instance/223951/aligned-image
5/11,400,overnight stay in moterey,363,1342,https://shreddr.captricity.com/api/v1/instance/223952/aligned-image
01/07/11,50,candy & ornament,364,1350,https://shreddr.captricity.com/api/v1/instance/223949/aligned-image
01/07/11,100,religious icon,365,1350,https://shreddr.captricity.com/api/v1/instance/223949/aligned-image
01/07/11,100,champagne,366,1350,https://shreddr.captricity.com/api/v1/instance/223949/aligned-image
01/07/11,50,book of psalms,367,1350,https://shreddr.captricity.com/api/v1/instance/223950/aligned-image
01/07/11,100,candy & wine,368,1350,https://shreddr.captricity.com/api/v1/instance/223950/aligned-image
01/07/11,50,relgious icon &,369,1350,https://shreddr.captricity.com/api/v1/instance/223950/aligned-image
,,prayer bookley,369,1350,https://shreddr.captricity.com/api/v1/instance/223950/aligned-image
01 07 11,100,gavel,370,1350,https://shreddr.captricity.com/api/v1/instance/223950/aligned-image
01/07/11,300,crystal cross,371,1350,https://shreddr.captricity.com/api/v1/instance/223950/aligned-image
01/07/11,50,old testament,372,1350,https://shreddr.captricity.com/api/v1/instance/223950/aligned-image
01/07/11,100,gavel,373,1350,https://shreddr.captricity.com/api/v1/instance/223948/aligned-image
01/07/11,100,two ties,374,1350,https://shreddr.captricity.com/api/v1/instance/223948/aligned-image
01/07/11,50,plaque,375,1350,https://shreddr.captricity.com/api/v1/instance/223948/aligned-image
01/07/11,100,champagne,376,1350,https://shreddr.captricity.com/api/v1/instance/223948/aligned-image
01/07/11,300,tie,377,1350,https://shreddr.captricity.com/api/v1/instance/223948/aligned-image
01/07/11,100,cigar cutter/ligh,378,1350,https://shreddr.captricity.com/api/v1/instance/223948/aligned-image
01/07/11,200,clock,379,1350,https://shreddr.captricity.com/api/v1/instance/223947/aligned-image
01/07/11,200,art,380,1350,https://shreddr.captricity.com/api/v1/instance/223947/aligned-image
01/07/11,50,picture frame,381,1350,https://shreddr.captricity.com/api/v1/instance/223947/aligned-image
01/07/11,420,ancient coin,382,1350,https://shreddr.captricity.com/api/v1/instance/223947/aligned-image
01/07/11,300,stamp collection,383,1350,https://shreddr.captricity.com/api/v1/instance/223947/aligned-image
1/7/11,50,book,383,1350,https://shreddr.captricity.com/api/v1/instance/223947/aligned-image
1/7/11,200,judicial robe,383,1350,https://shreddr.captricity.com/api/v1/instance/223947/aligned-image
01/07/11,100,champagne,384,1350,https://shreddr.captricity.com/api/v1/instance/223947/aligned-image
01/07/11,50,religious icon,385,1350,https://shreddr.captricity.com/api/v1/instance/223945/aligned-image
01/07/11,50,letter opener,386,1350,https://shreddr.captricity.com/api/v1/instance/223945/aligned-image
01/07/11,200,statue,387,1350,https://shreddr.captricity.com/api/v1/instance/223945/aligned-image
01/07/11,25,engraved pen,388,1350,https://shreddr.captricity.com/api/v1/instance/223945/aligned-image
01/07/11,110,card holder,389,1350,https://shreddr.captricity.com/api/v1/instance/223945/aligned-image
01/07/11,65,bible,390,1350,https://shreddr.captricity.com/api/v1/instance/223945/aligned-image
03/20/11,100,quilt from raffle,391,1363,https://shreddr.captricity.com/api/v1/instance/223946/aligned-image
4/25/11,125.00,baseball tickets (2),392,1375,https://shreddr.captricity.com/api/v1/instance/223944/aligned-image
5/26/11,50.00,dinner seminar euest,393,1375,https://shreddr.captricity.com/api/v1/instance/223944/aligned-image
,,dinner-seminar-guest,393,1375,https://shreddr.captricity.com/api/v1/instance/223944/aligned-image
9/6/11,75.00,baseball ticket(1),114,1375,https://shreddr.captricity.com/api/v1/instance/223944/aligned-image
9/29/11,125.00,baseball tickets,394,1375,https://shreddr.captricity.com/api/v1/instance/223944/aligned-image
6/9/11,50.00,dinner-past,393,1375,https://shreddr.captricity.com/api/v1/instance/223944/aligned-image
,,presidents,393,1375,https://shreddr.captricity.com/api/v1/instance/223944/aligned-image
12/09/11,200.00,holiday dinner party (2) tickets,395,1375,https://shreddr.captricity.com/api/v1/instance/223944/aligned-image
,,holiday dinner party (2) tickets,395,1375,https://shreddr.captricity.com/api/v1/instance/223944/aligned-image
1/20/11,8676,enrobing ceremony,396,1385,https://shreddr.captricity.com/api/v1/instance/223943/aligned-image
3/13/11,75,toshiba golf ticket,396,1385,https://shreddr.captricity.com/api/v1/instance/223943/aligned-image
1/20/11,79.34,pro rata share of,69,1393,https://shreddr.captricity.com/api/v1/instance/223942/aligned-image
,,dinner for judges',69,1393,https://shreddr.captricity.com/api/v1/instance/223942/aligned-image
,,night,69,1393,https://shreddr.captricity.com/api/v1/instance/223942/aligned-image
12/25/11,200,wine,397,1397,https://shreddr.captricity.com/api/v1/instance/223941/aligned-image
9/17/11,80.00,attend dinner at state bar convention,398,1402,https://shreddr.captricity.com/api/v1/instance/223939/aligned-image
10/5/11,20.00,attend alumni reception,398,1402,https://shreddr.captricity.com/api/v1/instance/223939/aligned-image
11/18/11,250.00,north butte county,63,1430,https://shreddr.captricity.com/api/v1/instance/223940/aligned-image
,,courthouse print,63,1430,https://shreddr.captricity.com/api/v1/instance/223940/aligned-image
,,by jake early,63,1430,https://shreddr.captricity.com/api/v1/instance/223940/aligned-image
05/18/11,128.25,book/o'connors ca,12,1432,https://shreddr.captricity.com/api/v1/instance/223938/aligned-image
,,practice civil pretrial,12,1432,https://shreddr.captricity.com/api/v1/instance/223938/aligned-image
09/12/11,400.00,scholarship,399,1432,https://shreddr.captricity.com/api/v1/instance/223938/aligned-image
09/13/11,,registration fee,399,1432,https://shreddr.captricity.com/api/v1/instance/223938/aligned-image
09/14/11,,annual conference,399,1432,https://shreddr.captricity.com/api/v1/instance/223938/aligned-image
5/ /11,100.00,gift card,400,1436,https://shreddr.captricity.com/api/v1/instance/223937/aligned-image
,100,ljbtc dinner,401,1436,https://shreddr.captricity.com/api/v1/instance/223937/aligned-image
4//11,100,usd alumni awards,402,1436,https://shreddr.captricity.com/api/v1/instance/223937/aligned-image
11/11,50,usd law alum. lunch,402,1436,https://shreddr.captricity.com/api/v1/instance/223937/aligned-image
,50,lunch,403,1436,https://shreddr.captricity.com/api/v1/instance/223937/aligned-image
12/ /11,175.00,abota dinner,404,1436,https://shreddr.captricity.com/api/v1/instance/223937/aligned-image
8/1/12,160.00,4 concert tickets,405,1440,https://shreddr.captricity.com/api/v1/instance/223936/aligned-image
10/5/12,160.00,2 concert tickets,405,1440,https://shreddr.captricity.com/api/v1/instance/223936/aligned-image
3/26/11,299.00,hotel room and meals,406,1443,https://shreddr.captricity.com/api/v1/instance/223935/aligned-image
05/13/11,420,attendance at retreat,407,1446,https://shreddr.captricity.com/api/v1/instance/223933/aligned-image
04/01/11,50,dinner,25,1448,https://shreddr.captricity.com/api/v1/instance/223932/aligned-image
11/10/11,50.00,dinner,8,1448,https://shreddr.captricity.com/api/v1/instance/223932/aligned-image
1/2/11,75.00,cle/bd mtgdinners,150,1459,https://shreddr.captricity.com/api/v1/instance/223934/aligned-image
9/13/11,75.00,dinner,150,1459,https://shreddr.captricity.com/api/v1/instance/223934/aligned-image
12/13/11,75.00,dinner,150,1459,https://shreddr.captricity.com/api/v1/instance/223934/aligned-image
04/01/11,115.00,restaurant dinner,408,1477,https://shreddr.captricity.com/api/v1/instance/223931/aligned-image
11/1/11,100.00,dinner,409,1477,https://shreddr.captricity.com/api/v1/instance/223930/aligned-image
7/21/11,75,annual luncheon,410,1489,https://shreddr.captricity.com/api/v1/instance/223929/aligned-image
1/24/11,55,dinner meeting & program,411,1489,https://shreddr.captricity.com/api/v1/instance/223928/aligned-image
3/15/11,55,dinner meeting & program,411,1489,https://shreddr.captricity.com/api/v1/instance/223928/aligned-image
5/10/11,55,dinner meeting & program,411,1489,https://shreddr.captricity.com/api/v1/instance/223928/aligned-image
1/18/11,100,annual judges' dinner,412,1489,https://shreddr.captricity.com/api/v1/instance/223928/aligned-image
9/13/11,55,dinner meeting & program,413,1489,https://shreddr.captricity.com/api/v1/instance/223928/aligned-image
4/ 8&9 /11,200,jt bd retreat travel reimbursement yosemite ca,413,1489,https://shreddr.captricity.com/api/v1/instance/223928/aligned-image
7/19/11,35,lunch program,413,1489,https://shreddr.captricity.com/api/v1/instance/223928/aligned-image
1/28-29/11,100,employment law section seminar travel reimbursement for participating as a panelist,414,1489,https://shreddr.captricity.com/api/v1/instance/223928/aligned-image
9/20/11,100,gala dinner yosemmite,414,1489,https://shreddr.captricity.com/api/v1/instance/223928/aligned-image
10/14-16/11,1806.77,annual seminar jt bd meeting travel and lodging expenses santa barbara ca,415,1489,https://shreddr.captricity.com/api/v1/instance/223928/aligned-image
6/26&27/11,457.23,travel reimbursement for participation as panelist philadelphia pa,416,1489,https://shreddr.captricity.com/api/v1/instance/223928/aligned-image
8/14/11,70,cowboy hat,417,1507,https://shreddr.captricity.com/api/v1/instance/223927/aligned-image
8/14/11,15,t shirt,417,1507,https://shreddr.captricity.com/api/v1/instance/223927/aligned-image
8/17/11,12,belt buckle,417,1507,https://shreddr.captricity.com/api/v1/instance/223927/aligned-image
8/18/11,110,walking stick,418,1507,https://shreddr.captricity.com/api/v1/instance/223927/aligned-image
8/18/11,37,bsa books,418,1507,https://shreddr.captricity.com/api/v1/instance/223927/aligned-image
8/20/11,30,name tags,418,1507,https://shreddr.captricity.com/api/v1/instance/223927/aligned-image
5/25/11,200,hand carved caricature,419,1507,https://shreddr.captricity.com/api/v1/instance/223927/aligned-image
,,statute of boy scout,419,1507,https://shreddr.captricity.com/api/v1/instance/223927/aligned-image
,,leader,419,1507,https://shreddr.captricity.com/api/v1/instance/223927/aligned-image
09/ /11,160.00,two tickets usc trojan football game - home.,420,1511,https://shreddr.captricity.com/api/v1/instance/223926/aligned-image
,,game-home,420,1511,https://shreddr.captricity.com/api/v1/instance/223926/aligned-image
9/11,50.00,dinner following football game,421,1511,https://shreddr.captricity.com/api/v1/instance/223926/aligned-image
,,football game,421,1511,https://shreddr.captricity.com/api/v1/instance/223926/aligned-image
12/4/11,250,1/2 of new,422,1517,https://shreddr.captricity.com/api/v1/instance/223925/aligned-image
,,apple i-pad,422,1517,https://shreddr.captricity.com/api/v1/instance/223925/aligned-image
,,ttwo,422,1517,https://shreddr.captricity.com/api/v1/instance/223925/aligned-image
12/30/11,20.00,book,423,1517,https://shreddr.captricity.com/api/v1/instance/223925/aligned-image
12/30/11,20.00,frute cake,423,1517,https://shreddr.captricity.com/api/v1/instance/223925/aligned-image
2/17/11,25,brothers & nubil soft candy,424,1517,https://shreddr.captricity.com/api/v1/instance/223925/aligned-image
,,gift card,424,1517,https://shreddr.captricity.com/api/v1/instance/223925/aligned-image
4/29/11,25,royal wcrolus,425,1517,https://shreddr.captricity.com/api/v1/instance/223925/aligned-image
,,cup,425,1517,https://shreddr.captricity.com/api/v1/instance/223925/aligned-image
12/15/11,40.00,two blue cheeses,426,1517,https://shreddr.captricity.com/api/v1/instance/223924/aligned-image
,,cheeses,426,1517,https://shreddr.captricity.com/api/v1/instance/223924/aligned-image
12/18/11,35.00,pears,427,1517,https://shreddr.captricity.com/api/v1/instance/223924/aligned-image
12/4/11,35.00,egg nog +,428,1517,https://shreddr.captricity.com/api/v1/instance/223924/aligned-image
,,olliuc's,428,1517,https://shreddr.captricity.com/api/v1/instance/223924/aligned-image
12/4/11,25.00,starbucks card,429,1517,https://shreddr.captricity.com/api/v1/instance/223924/aligned-image
12/12/11,30.00,maper syspar,430,1517,https://shreddr.captricity.com/api/v1/instance/223924/aligned-image
,,ammonds,430,1517,https://shreddr.captricity.com/api/v1/instance/223924/aligned-image
12/4/11,250,=1/2 of new,431,1517,https://shreddr.captricity.com/api/v1/instance/223924/aligned-image
,,apple i pad ii,431,1517,https://shreddr.captricity.com/api/v1/instance/223924/aligned-image
2/10/11,55.00,basketball game ticket,432,1540,https://shreddr.captricity.com/api/v1/instance/223923/aligned-image
03/ /11,8.00,lunch,433,1543,https://shreddr.captricity.com/api/v1/instance/223921/aligned-image
06/18/11,24.00,baseball tickets,433,1543,https://shreddr.captricity.com/api/v1/instance/223921/aligned-image
03/05/11,30.00,dinner,434,1543,https://shreddr.captricity.com/api/v1/instance/223921/aligned-image
11/15/11,14.00,lunch-speaking at mtg.,435,1543,https://shreddr.captricity.com/api/v1/instance/223921/aligned-image
11/7/11,90,sharks hockey ticket,436,1549,https://shreddr.captricity.com/api/v1/instance/223922/aligned-image
,,ticket,436,1549,https://shreddr.captricity.com/api/v1/instance/223922/aligned-image
11/12/11,50,instalustion,325,1549,https://shreddr.captricity.com/api/v1/instance/223922/aligned-image
6/9/11,50,durges nita,325,1549,https://shreddr.captricity.com/api/v1/instance/223922/aligned-image
9/27/11,50,judgeslunch,325,1549,https://shreddr.captricity.com/api/v1/instance/223922/aligned-image
11/3/11,75,jinger dinner,437,1549,https://shreddr.captricity.com/api/v1/instance/223922/aligned-image
11/18/11,250.00,north butte county,63,1551,https://shreddr.captricity.com/api/v1/instance/223920/aligned-image
,,courthouse print,63,1551,https://shreddr.captricity.com/api/v1/instance/223920/aligned-image
,,by jake early,63,1551,https://shreddr.captricity.com/api/v1/instance/223920/aligned-image
03/11,145.00,entry fee for marathon,438,1553,https://shreddr.captricity.com/api/v1/instance/223919/aligned-image
3 11,85.00,k-swiss shoes,438,1553,https://shreddr.captricity.com/api/v1/instance/223919/aligned-image
05/08/11,415.00,registration fee,439,1553,https://shreddr.captricity.com/api/v1/instance/223919/aligned-image
9/25/11,120,ticket to alameda county food bank,440,1561,https://shreddr.captricity.com/api/v1/instance/223918/aligned-image
,,county food bank event,440,1561,https://shreddr.captricity.com/api/v1/instance/223918/aligned-image
1/26/12,95,ticket to mlic lunch,441,1561,https://shreddr.captricity.com/api/v1/instance/223918/aligned-image
2/10/2011,400,desk clock retirement gift,442,1561,https://shreddr.captricity.com/api/v1/instance/223918/aligned-image
,,retirement gift,442,1561,https://shreddr.captricity.com/api/v1/instance/223918/aligned-image
4/27/11,95,ticket to ca,443,1561,https://shreddr.captricity.com/api/v1/instance/223918/aligned-image
,,supreme court lunch,443,1561,https://shreddr.captricity.com/api/v1/instance/223918/aligned-image
2/5/11,1600,discount on use of vacation home,444,1565,https://shreddr.captricity.com/api/v1/instance/223917/aligned-image
3/31/11,85,round of golf,445,1565,https://shreddr.captricity.com/api/v1/instance/223917/aligned-image
2/21/11,76,round of golf,446,1565,https://shreddr.captricity.com/api/v1/instance/223917/aligned-image
11/19/11,1456,discounts to people who played golf with me,447,1565,https://shreddr.captricity.com/api/v1/instance/223916/aligned-image
5/29/11,150,round of golf,448,1565,https://shreddr.captricity.com/api/v1/instance/223916/aligned-image
9/23/11,250,golf tournament entry,449,1565,https://shreddr.captricity.com/api/v1/instance/223916/aligned-image
12/9/11,200,holiday party,114,1565,https://shreddr.captricity.com/api/v1/instance/223916/aligned-image
12/28/11,600,tickets to concert,450,1565,https://shreddr.captricity.com/api/v1/instance/223916/aligned-image
1/15/11,100,round of golf,451,1565,https://shreddr.captricity.com/api/v1/instance/223916/aligned-image
3/25/11,100,round of golf,451,1565,https://shreddr.captricity.com/api/v1/instance/223916/aligned-image
,420.00,dinners (2011),213,1579,https://shreddr.captricity.com/api/v1/instance/223914/aligned-image
,420.00,dinners (2011),94,1579,https://shreddr.captricity.com/api/v1/instance/223914/aligned-image
4/1/11,75,annual dinner,25,1584,https://shreddr.captricity.com/api/v1/instance/223913/aligned-image
12/15/11,50,holiday program,452,1584,https://shreddr.captricity.com/api/v1/instance/223913/aligned-image
4/30/11,100,visalia annual dinner,453,1584,https://shreddr.captricity.com/api/v1/instance/223913/aligned-image
11/10/11,75,ed. program dinner,452,1584,https://shreddr.captricity.com/api/v1/instance/223913/aligned-image
12/09/11,100.00,dinner at christmas party,454,1588,https://shreddr.captricity.com/api/v1/instance/223912/aligned-image
,,party,454,1588,https://shreddr.captricity.com/api/v1/instance/223912/aligned-image
01/22/11,50.00,more tickets (2),455,1595,https://shreddr.captricity.com/api/v1/instance/223911/aligned-image
09 25 11,42.00,cold springs golf,455,1595,https://shreddr.captricity.com/api/v1/instance/223911/aligned-image
09/25/11,80.00,casablanca event,456,1595,https://shreddr.captricity.com/api/v1/instance/223911/aligned-image
03/19/11,100.00,barristers ball tickets,457,1595,https://shreddr.captricity.com/api/v1/instance/223911/aligned-image
03/25/11,25.00,crab feed ticket,458,1595,https://shreddr.captricity.com/api/v1/instance/223911/aligned-image
01/29/11,200.00,lake tahoe event,459,1595,https://shreddr.captricity.com/api/v1/instance/223911/aligned-image
7/23/11,150,tickets,460,1598,https://shreddr.captricity.com/api/v1/instance/223910/aligned-image
11/13/11,200,tickets,461,1598,https://shreddr.captricity.com/api/v1/instance/223910/aligned-image
7/27/11,404,tickets,462,1598,https://shreddr.captricity.com/api/v1/instance/223910/aligned-image
7/29/11,180,tickets,463,1598,https://shreddr.captricity.com/api/v1/instance/223910/aligned-image
9/10/11,125.00,dinner for 2,464,1599,https://shreddr.captricity.com/api/v1/instance/223909/aligned-image
12/4/11,100.00,football ticket/parking,464,1599,https://shreddr.captricity.com/api/v1/instance/223909/aligned-image
05/10/11,50,lunch,465,1601,https://shreddr.captricity.com/api/v1/instance/223908/aligned-image
06 09 11,50,reception,465,1601,https://shreddr.captricity.com/api/v1/instance/223908/aligned-image
09/20/11,50,reception,465,1601,https://shreddr.captricity.com/api/v1/instance/223908/aligned-image
09/27/11,50,lunch,466,1601,https://shreddr.captricity.com/api/v1/instance/223908/aligned-image
12/06/11,50,lunch,466,1601,https://shreddr.captricity.com/api/v1/instance/223908/aligned-image
09/07/11,175,dinner,132,1601,https://shreddr.captricity.com/api/v1/instance/223908/aligned-image
11 03 11,60,dinner,467,1601,https://shreddr.captricity.com/api/v1/instance/223908/aligned-image
12/20/11,210.00,wine,468,1614,https://shreddr.captricity.com/api/v1/instance/223906/aligned-image
11,150.00,food at meetings,69,1622,https://shreddr.captricity.com/api/v1/instance/223905/aligned-image
,100.00,food at meetings,469,1622,https://shreddr.captricity.com/api/v1/instance/223905/aligned-image
3/4/11,300,2 dinners at hispanic alumni of usc,470,1645,https://shreddr.captricity.com/api/v1/instance/223904/aligned-image
9/10/11,500,i r/t ticket,471,1645,https://shreddr.captricity.com/api/v1/instance/223904/aligned-image
,,to wash d. c.,471,1645,https://shreddr.captricity.com/api/v1/instance/223904/aligned-image
,,on behalf of latino advocates for bd inc,471,1645,https://shreddr.captricity.com/api/v1/instance/223904/aligned-image
5/10/11,100,angel's,472,1645,https://shreddr.captricity.com/api/v1/instance/223904/aligned-image
,,baseball,472,1645,https://shreddr.captricity.com/api/v1/instance/223904/aligned-image
,,game,472,1645,https://shreddr.captricity.com/api/v1/instance/223904/aligned-image
10 20 11,250,2 dinner,473,1645,https://shreddr.captricity.com/api/v1/instance/223904/aligned-image
,,tickets to,473,1645,https://shreddr.captricity.com/api/v1/instance/223904/aligned-image
,,hisp. ed. end. fund event.,473,1645,https://shreddr.captricity.com/api/v1/instance/223904/aligned-image
8/25/11,400,2dinner,474,1645,https://shreddr.captricity.com/api/v1/instance/223904/aligned-image
,,tickets,474,1645,https://shreddr.captricity.com/api/v1/instance/223904/aligned-image
9/1/10,120.00,won tickets for catalina jazz festival,475,1651,https://shreddr.captricity.com/api/v1/instance/223903/aligned-image
